Match_ID,Season,Match_Type,Venue,Team1,Team2,Toss_Winner,Toss_Decision,Team1_Score,Team1_Wickets,Team1_Overs_Played,Team2_Score,Team2_Wickets,Team2_Overs_Played,Match_Winner,Win_By,Win_Margin,Man_of_the_Match,Stadium_Attendance
1001,2017,League,"Narendra Modi Stadium, Ahmedabad",Gujarat Titans,Mumbai Indians,Gujarat Titans,Field,177,5,16.6,223,4,20,Mumbai Indians,Wickets,6,Sunil Narine,33174
1002,2017,League,"MA Chidambaram Stadium, Chennai",Chennai Super Kings,Royal Challengers Bangalore,Royal Challengers Bangalore,Bat,204,7,18.2,214,7,18,Royal Challengers Bangalore,Wickets,3,Rohit Sharma,25816
1003,2017,League,"Eden Gardens, Kolkata",Kolkata Knight Riders,Chennai Super Kings,Chennai Super Kings,Bat,139,3,19.9,126,7,14.1,Kolkata Knight Riders,Runs,13,Shikhar Dhawan,59883
1004,2017,League,"Sawai Mansingh Stadium, Jaipur",Rajasthan Royals,Kolkata Knight Riders,Rajasthan Royals,Field,172,7,15.7,165,10,18.8,Rajasthan Royals,Runs,7,Rishabh Pant,30237
1005,2017,League,"Sawai Mansingh Stadium, Jaipur",Rajasthan Royals,Sunrisers Hyderabad,Rajasthan Royals,Field,217,6,20,218,3,15.9,Sunrisers Hyderabad,Wickets,7,David Warner,53660
1006,2017,League,"BRSABV Ekana Stadium, Lucknow",Lucknow Super Giants,Kolkata Knight Riders,Kolkata Knight Riders,Field,154,3,19.6,206,5,16.2,Kolkata Knight Riders,Wickets,5,Jasprit Bumrah,55005
1007,2017,League,"Rajiv Gandhi International Stadium, Hyderabad",Sunrisers Hyderabad,Kolkata Knight Riders,Kolkata Knight Riders,Bat,135,7,15.6,126,3,18.6,Sunrisers Hyderabad,Runs,9,Sanju Samson,30316
1008,2017,League,"Sawai Mansingh Stadium, Jaipur",Rajasthan Royals,Kolkata Knight Riders,Kolkata Knight Riders,Field,206,5,16.6,185,8,15.2,Rajasthan Royals,Runs,21,Andre Russell,38800
1009,2017,League,"M. Chinnaswamy Stadium, Bangalore",Royal Challengers Bangalore,Gujarat Titans,Royal Challengers Bangalore,Bat,170,7,17.3,143,6,15.6,Royal Challengers Bangalore,Runs,27,AB de Villiers,16643
1010,2017,League,"Sawai Mansingh Stadium, Jaipur",Rajasthan Royals,Delhi Capitals,Delhi Capitals,Bat,207,6,18.5,151,6,18.2,Rajasthan Royals,Runs,56,Rashid Khan,16260
1011,2017,League,"Wankhede Stadium, Mumbai",Mumbai Indians,Royal Challengers Bangalore,Royal Challengers Bangalore,Field,139,10,19.3,198,7,16.9,Royal Challengers Bangalore,Wickets,3,Shikhar Dhawan,59243
1012,2017,League,"IS Bindra Stadium, Mohali",Punjab Kings,Lucknow Super Giants,Punjab Kings,Field,217,10,17.1,222,4,18.9,Lucknow Super Giants,Wickets,6,MS Dhoni,51109
1013,2017,League,"BRSABV Ekana Stadium, Lucknow",Lucknow Super Giants,Sunrisers Hyderabad,Sunrisers Hyderabad,Field,183,8,18.3,145,5,13.7,Lucknow Super Giants,Runs,38,Andre Russell,29826
1014,2017,League,"Wankhede Stadium, Mumbai",Mumbai Indians,Gujarat Titans,Gujarat Titans,Field,182,4,17.4,213,7,15.5,Gujarat Titans,Wickets,3,Rashid Khan,44427
1015,2017,League,"Rajiv Gandhi International Stadium, Hyderabad",Sunrisers Hyderabad,Delhi Capitals,Sunrisers Hyderabad,Bat,160,3,18.5,136,3,14.6,Sunrisers Hyderabad,Runs,24,Virat Kohli,21682
1016,2017,League,"MA Chidambaram Stadium, Chennai",Chennai Super Kings,Delhi Capitals,Chennai Super Kings,Field,154,4,18.8,200,4,16.4,Delhi Capitals,Wickets,6,AB de Villiers,29898
1017,2017,League,"Narendra Modi Stadium, Ahmedabad",Gujarat Titans,Rajasthan Royals,Rajasthan Royals,Bat,188,5,17.1,181,9,17.1,Gujarat Titans,Runs,7,Pat Cummins,49408
1018,2017,League,"IS Bindra Stadium, Mohali",Punjab Kings,Chennai Super Kings,Punjab Kings,Bat,156,6,18.3,127,3,13,Punjab Kings,Runs,29,David Warner,16439
1019,2017,League,"Sawai Mansingh Stadium, Jaipur",Rajasthan Royals,Lucknow Super Giants,Lucknow Super Giants,Bat,156,6,17.3,195,4,19.6,Lucknow Super Giants,Wickets,6,David Warner,36035
1020,2017,League,"Sawai Mansingh Stadium, Jaipur",Rajasthan Royals,Delhi Capitals,Rajasthan Royals,Field,181,6,15.8,225,5,16.3,Delhi Capitals,Wickets,5,Hardik Pandya,48699
1021,2017,League,"Eden Gardens, Kolkata",Kolkata Knight Riders,Gujarat Titans,Gujarat Titans,Bat,172,4,18.8,224,3,17.2,Gujarat Titans,Wickets,7,Sanju Samson,33226
1022,2017,League,"Wankhede Stadium, Mumbai",Mumbai Indians,Rajasthan Royals,Mumbai Indians,Field,195,8,18,159,5,15.9,Mumbai Indians,Runs,36,David Warner,54849
1023,2017,League,"BRSABV Ekana Stadium, Lucknow",Lucknow Super Giants,Punjab Kings,Lucknow Super Giants,Field,180,6,15.7,207,6,17,Punjab Kings,Wickets,4,Rishabh Pant,33408
1024,2017,League,"Wankhede Stadium, Mumbai",Mumbai Indians,Chennai Super Kings,Mumbai Indians,Bat,200,8,18.6,178,7,12.7,Mumbai Indians,Runs,22,Sanju Samson,59057
1025,2017,League,"Wankhede Stadium, Mumbai",Mumbai Indians,Gujarat Titans,Mumbai Indians,Field,198,4,15.3,211,7,15.6,Gujarat Titans,Wickets,3,Rohit Sharma,37463
1026,2017,League,"M. Chinnaswamy Stadium, Bangalore",Royal Challengers Bangalore,Delhi Capitals,Royal Challengers Bangalore,Field,154,4,17.4,177,8,19.5,Delhi Capitals,Wickets,2,Pat Cummins,55718
1027,2017,League,"M. Chinnaswamy Stadium, Bangalore",Royal Challengers Bangalore,Sunrisers Hyderabad,Sunrisers Hyderabad,Field,224,8,16.4,146,4,14,Royal Challengers Bangalore,Runs,78,Pat Cummins,18581
1028,2017,League,"IS Bindra Stadium, Mohali",Punjab Kings,Chennai Super Kings,Punjab Kings,Bat,223,4,18.8,178,3,17.1,Punjab Kings,Runs,45,Sunil Narine,30194
1029,2017,League,"Eden Gardens, Kolkata",Kolkata Knight Riders,Chennai Super Kings,Chennai Super Kings,Field,146,10,16.9,223,10,19,Chennai Super Kings,Wickets,0,Jos Buttler,48015
1030,2018,League,"M. Chinnaswamy Stadium, Bangalore",Royal Challengers Bangalore,Delhi Capitals,Delhi Capitals,Field,141,5,17,170,3,19.2,Delhi Capitals,Wickets,7,Virat Kohli,15660
1031,2018,League,"Sawai Mansingh Stadium, Jaipur",Rajasthan Royals,Gujarat Titans,Rajasthan Royals,Bat,171,4,18.1,188,10,19.2,Gujarat Titans,Wickets,0,Virat Kohli,36931
1032,2018,League,"BRSABV Ekana Stadium, Lucknow",Lucknow Super Giants,Chennai Super Kings,Chennai Super Kings,Bat,215,4,17.7,199,3,19.5,Lucknow Super Giants,Runs,16,Sunil Narine,15602
1033,2018,League,"IS Bindra Stadium, Mohali",Punjab Kings,Lucknow Super Giants,Punjab Kings,Bat,157,4,19.9,175,9,16.9,Lucknow Super Giants,Wickets,1,Jos Buttler,53135
1034,2018,League,"Arun Jaitley Stadium, Delhi",Delhi Capitals,Royal Challengers Bangalore,Royal Challengers Bangalore,Bat,228,4,16.8,125,8,13.7,Delhi Capitals,Runs,103,Andre Russell,22434
1035,2018,League,"M. Chinnaswamy Stadium, Bangalore",Royal Challengers Bangalore,Delhi Capitals,Delhi Capitals,Field,230,8,18.7,194,4,19.7,Royal Challengers Bangalore,Runs,36,Jos Buttler,36820
1036,2018,League,"Rajiv Gandhi International Stadium, Hyderabad",Sunrisers Hyderabad,Lucknow Super Giants,Sunrisers Hyderabad,Field,167,3,18.8,153,8,15.7,Sunrisers Hyderabad,Runs,14,Rohit Sharma,21398
1037,2018,League,"M. Chinnaswamy Stadium, Bangalore",Royal Challengers Bangalore,Punjab Kings,Punjab Kings,Field,180,10,19.8,150,5,13,Royal Challengers Bangalore,Runs,30,Rashid Khan,43193
1038,2018,League,"Eden Gardens, Kolkata",Kolkata Knight Riders,Mumbai Indians,Kolkata Knight Riders,Bat,149,10,18.7,147,7,18.9,Kolkata Knight Riders,Runs,2,KL Rahul,49019
1039,2018,League,"Rajiv Gandhi International Stadium, Hyderabad",Sunrisers Hyderabad,Kolkata Knight Riders,Kolkata Knight Riders,Bat,200,7,16.6,185,10,16.1,Sunrisers Hyderabad,Runs,15,Ishan Kishan,33201
1040,2018,League,"Arun Jaitley Stadium, Delhi",Delhi Capitals,Chennai Super Kings,Delhi Capitals,Field,133,8,19.3,142,9,15,Chennai Super Kings,Wickets,1,Shikhar Dhawan,17451
1041,2018,League,"BRSABV Ekana Stadium, Lucknow",Lucknow Super Giants,Gujarat Titans,Lucknow Super Giants,Bat,214,10,18.3,216,10,18.2,Gujarat Titans,Wickets,0,Ishan Kishan,28878
1042,2018,League,"Narendra Modi Stadium, Ahmedabad",Gujarat Titans,Chennai Super Kings,Chennai Super Kings,Bat,163,8,19.4,140,9,18.6,Gujarat Titans,Runs,23,Sunil Narine,46343
1043,2018,League,"M. Chinnaswamy Stadium, Bangalore",Royal Challengers Bangalore,Rajasthan Royals,Royal Challengers Bangalore,Field,172,7,16.9,191,3,16.4,Rajasthan Royals,Wickets,7,Andre Russell,26813
1044,2018,League,"Sawai Mansingh Stadium, Jaipur",Rajasthan Royals,Sunrisers Hyderabad,Sunrisers Hyderabad,Bat,207,7,19.1,215,8,16,Sunrisers Hyderabad,Wickets,2,Pat Cummins,40690
1045,2018,League,"Eden Gardens, Kolkata",Kolkata Knight Riders,Royal Challengers Bangalore,Royal Challengers Bangalore,Bat,130,9,19,194,9,18.6,Royal Challengers Bangalore,Wickets,1,Kane Williamson,21056
1046,2018,League,"MA Chidambaram Stadium, Chennai",Chennai Super Kings,Sunrisers Hyderabad,Sunrisers Hyderabad,Bat,218,7,19.2,200,9,12.7,Chennai Super Kings,Runs,18,Yuzvendra Chahal,56616
1047,2018,League,"Arun Jaitley Stadium, Delhi",Delhi Capitals,Sunrisers Hyderabad,Sunrisers Hyderabad,Bat,166,7,17,182,9,19.8,Sunrisers Hyderabad,Wickets,1,Hardik Pandya,16585
1048,2018,League,"Sawai Mansingh Stadium, Jaipur",Rajasthan Royals,Lucknow Super Giants,Lucknow Super Giants,Field,138,10,18.3,126,8,18.1,Rajasthan Royals,Runs,12,Kane Williamson,57554
1049,2018,League,"Rajiv Gandhi International Stadium, Hyderabad",Sunrisers Hyderabad,Chennai Super Kings,Chennai Super Kings,Field,203,3,17.2,157,4,18.9,Sunrisers Hyderabad,Runs,46,David Warner,58023
1050,2018,League,"M. Chinnaswamy Stadium, Bangalore",Royal Challengers Bangalore,Kolkata Knight Riders,Kolkata Knight Riders,Field,138,8,19.8,143,3,19.6,Kolkata Knight Riders,Wickets,7,Ishan Kishan,25834
1051,2018,League,"Rajiv Gandhi International Stadium, Hyderabad",Sunrisers Hyderabad,Mumbai Indians,Sunrisers Hyderabad,Bat,180,6,16.5,187,3,17.3,Mumbai Indians,Wickets,7,Faf du Plessis,49335
1052,2018,League,"Narendra Modi Stadium, Ahmedabad",Gujarat Titans,Kolkata Knight Riders,Kolkata Knight Riders,Field,193,3,15.1,211,7,15.6,Kolkata Knight Riders,Wickets,3,Virat Kohli,40602
1053,2018,League,"Sawai Mansingh Stadium, Jaipur",Rajasthan Royals,Chennai Super Kings,Chennai Super Kings,Bat,197,10,15.2,205,3,19.8,Chennai Super Kings,Wickets,7,David Warner,57192
1054,2018,League,"Narendra Modi Stadium, Ahmedabad",Gujarat Titans,Rajasthan Royals,Gujarat Titans,Field,174,10,19.2,191,4,19.4,Rajasthan Royals,Wickets,6,Rashid Khan,46777
1055,2018,League,"M. Chinnaswamy Stadium, Bangalore",Royal Challengers Bangalore,Rajasthan Royals,Royal Challengers Bangalore,Bat,188,3,18,215,9,15.6,Rajasthan Royals,Wickets,1,Virat Kohli,33567
1056,2018,League,"Eden Gardens, Kolkata",Kolkata Knight Riders,Punjab Kings,Punjab Kings,Bat,158,7,16,178,7,19.9,Punjab Kings,Wickets,3,Sunil Narine,49959
1057,2018,League,"M. Chinnaswamy Stadium, Bangalore",Royal Challengers Bangalore,Lucknow Super Giants,Lucknow Super Giants,Field,187,3,15.9,208,7,17.8,Lucknow Super Giants,Wickets,3,Sunil Narine,20128
1058,2018,League,"Sawai Mansingh Stadium, Jaipur",Rajasthan Royals,Chennai Super Kings,Rajasthan Royals,Bat,172,5,16.2,134,10,12.2,Rajasthan Royals,Runs,38,AB de Villiers,42578
1059,2018,League,"Eden Gardens, Kolkata",Kolkata Knight Riders,Chennai Super Kings,Chennai Super Kings,Bat,189,4,18.8,185,4,14.5,Kolkata Knight Riders,Runs,4,Yuzvendra Chahal,19389
1060,2019,League,"Eden Gardens, Kolkata",Kolkata Knight Riders,Sunrisers Hyderabad,Kolkata Knight Riders,Bat,197,10,18.1,157,5,18.2,Kolkata Knight Riders,Runs,40,Rishabh Pant,47804
1061,2019,League,"BRSABV Ekana Stadium, Lucknow",Lucknow Super Giants,Mumbai Indians,Lucknow Super Giants,Field,201,3,19.2,154,8,12.4,Lucknow Super Giants,Runs,47,Kane Williamson,22665
1062,2019,League,"Wankhede Stadium, Mumbai",Mumbai Indians,Sunrisers Hyderabad,Mumbai Indians,Bat,212,3,15.9,151,4,18.2,Mumbai Indians,Runs,61,Virat Kohli,35896
1063,2019,League,"BRSABV Ekana Stadium, Lucknow",Lucknow Super Giants,Punjab Kings,Lucknow Super Giants,Field,154,6,18.5,220,10,15.2,Punjab Kings,Wickets,0,Rohit Sharma,41654
1064,2019,League,"IS Bindra Stadium, Mohali",Punjab Kings,Royal Challengers Bangalore,Punjab Kings,Field,186,9,17.4,144,6,13.9,Punjab Kings,Runs,42,Faf du Plessis,39678
1065,2019,League,"Sawai Mansingh Stadium, Jaipur",Rajasthan Royals,Mumbai Indians,Rajasthan Royals,Bat,207,7,19,208,8,17.1,Mumbai Indians,Wickets,2,KL Rahul,41488
1066,2019,League,"Sawai Mansingh Stadium, Jaipur",Rajasthan Royals,Gujarat Titans,Rajasthan Royals,Bat,181,9,16,210,8,16.6,Gujarat Titans,Wickets,2,Jos Buttler,40029
1067,2019,League,"M. Chinnaswamy Stadium, Bangalore",Royal Challengers Bangalore,Delhi Capitals,Royal Challengers Bangalore,Bat,211,5,15.2,156,3,18,Royal Challengers Bangalore,Runs,55,AB de Villiers,33920
1068,2019,League,"M. Chinnaswamy Stadium, Bangalore",Royal Challengers Bangalore,Mumbai Indians,Mumbai Indians,Field,214,7,19.6,217,4,16,Mumbai Indians,Wickets,6,Sunil Narine,57062
1069,2019,League,"Arun Jaitley Stadium, Delhi",Delhi Capitals,Lucknow Super Giants,Lucknow Super Giants,Field,147,8,18.8,212,9,15,Lucknow Super Giants,Wickets,1,Hardik Pandya,59627
1070,2019,League,"BRSABV Ekana Stadium, Lucknow",Lucknow Super Giants,Gujarat Titans,Gujarat Titans,Field,130,3,15.2,127,7,15,Lucknow Super Giants,Runs,3,Rohit Sharma,55702
1071,2019,League,"Arun Jaitley Stadium, Delhi",Delhi Capitals,Rajasthan Royals,Rajasthan Royals,Bat,213,4,18,126,9,15.3,Delhi Capitals,Runs,87,Sanju Samson,15630
1072,2019,League,"Wankhede Stadium, Mumbai",Mumbai Indians,Chennai Super Kings,Mumbai Indians,Field,158,7,17.6,178,7,16.4,Chennai Super Kings,Wickets,3,Rohit Sharma,42436
1073,2019,League,"Arun Jaitley Stadium, Delhi",Delhi Capitals,Punjab Kings,Punjab Kings,Field,189,3,19.8,184,5,14.5,Delhi Capitals,Runs,5,Sanju Samson,48379
1074,2019,League,"BRSABV Ekana Stadium, Lucknow",Lucknow Super Giants,Sunrisers Hyderabad,Sunrisers Hyderabad,Field,142,5,17.6,169,10,16.7,Sunrisers Hyderabad,Wickets,0,MS Dhoni,48383
1075,2019,League,"M. Chinnaswamy Stadium, Bangalore",Royal Challengers Bangalore,Mumbai Indians,Royal Challengers Bangalore,Bat,142,4,19.6,202,10,17,Mumbai Indians,Wickets,0,MS Dhoni,21138
1076,2019,League,"Narendra Modi Stadium, Ahmedabad",Gujarat Titans,Royal Challengers Bangalore,Gujarat Titans,Bat,184,3,18.5,194,5,17.4,Royal Challengers Bangalore,Wickets,5,Jasprit Bumrah,32462
1077,2019,League,"Rajiv Gandhi International Stadium, Hyderabad",Sunrisers Hyderabad,Lucknow Super Giants,Lucknow Super Giants,Bat,217,7,19.7,195,6,15.3,Sunrisers Hyderabad,Runs,22,Rishabh Pant,17081
1078,2019,League,"Arun Jaitley Stadium, Delhi",Delhi Capitals,Royal Challengers Bangalore,Delhi Capitals,Bat,135,9,15.9,129,7,13.5,Delhi Capitals,Runs,6,Virat Kohli,47211
1079,2019,League,"Eden Gardens, Kolkata",Kolkata Knight Riders,Sunrisers Hyderabad,Kolkata Knight Riders,Field,178,9,15.7,211,8,17.5,Sunrisers Hyderabad,Wickets,2,Yuzvendra Chahal,57389
1080,2019,League,"Narendra Modi Stadium, Ahmedabad",Gujarat Titans,Sunrisers Hyderabad,Sunrisers Hyderabad,Field,216,7,15.8,156,8,19,Gujarat Titans,Runs,60,David Warner,29131
1081,2019,League,"IS Bindra Stadium, Mohali",Punjab Kings,Lucknow Super Giants,Lucknow Super Giants,Bat,225,8,15.6,140,5,15.7,Punjab Kings,Runs,85,Faf du Plessis,44301
1082,2019,League,"M. Chinnaswamy Stadium, Bangalore",Royal Challengers Bangalore,Chennai Super Kings,Royal Challengers Bangalore,Bat,130,6,15.6,128,8,16,Royal Challengers Bangalore,Runs,2,KL Rahul,36854
1083,2019,League,"Narendra Modi Stadium, Ahmedabad",Gujarat Titans,Royal Challengers Bangalore,Gujarat Titans,Bat,226,3,17.5,222,8,14.2,Gujarat Titans,Runs,4,Ishan Kishan,36962
1084,2019,League,"MA Chidambaram Stadium, Chennai",Chennai Super Kings,Gujarat Titans,Chennai Super Kings,Field,192,9,16.7,174,6,19.1,Chennai Super Kings,Runs,18,KL Rahul,17003
1085,2019,League,"BRSABV Ekana Stadium, Lucknow",Lucknow Super Giants,Rajasthan Royals,Lucknow Super Giants,Bat,149,3,19.9,209,8,18.4,Rajasthan Royals,Wickets,2,Sanju Samson,53050
1086,2019,League,"Rajiv Gandhi International Stadium, Hyderabad",Sunrisers Hyderabad,Chennai Super Kings,Sunrisers Hyderabad,Bat,142,6,18.7,219,8,17.9,Chennai Super Kings,Wickets,2,Yuzvendra Chahal,29133
1087,2019,League,"Wankhede Stadium, Mumbai",Mumbai Indians,Rajasthan Royals,Rajasthan Royals,Field,201,3,18.7,168,10,17,Mumbai Indians,Runs,33,Kane Williamson,27903
1088,2019,League,"IS Bindra Stadium, Mohali",Punjab Kings,Chennai Super Kings,Chennai Super Kings,Bat,182,4,18.1,215,3,17.1,Chennai Super Kings,Wickets,7,AB de Villiers,44944
1089,2020,League,"Arun Jaitley Stadium, Delhi",Delhi Capitals,Royal Challengers Bangalore,Delhi Capitals,Bat,181,4,17.7,177,3,14.6,Delhi Capitals,Runs,4,Yuzvendra Chahal,41423
1090,2020,League,"Narendra Modi Stadium, Ahmedabad",Gujarat Titans,Rajasthan Royals,Rajasthan Royals,Bat,207,7,19.8,158,5,19.5,Gujarat Titans,Runs,49,Ishan Kishan,51092
1091,2020,League,"Narendra Modi Stadium, Ahmedabad",Gujarat Titans,Sunrisers Hyderabad,Gujarat Titans,Bat,207,4,19.3,164,6,16.8,Gujarat Titans,Runs,43,Rashid Khan,50686
1092,2020,League,"M. Chinnaswamy Stadium, Bangalore",Royal Challengers Bangalore,Gujarat Titans,Gujarat Titans,Field,197,9,16.6,173,10,19.2,Royal Challengers Bangalore,Runs,24,Shikhar Dhawan,27084
1093,2020,League,"Wankhede Stadium, Mumbai",Mumbai Indians,Gujarat Titans,Gujarat Titans,Bat,161,4,15.6,144,9,15.6,Mumbai Indians,Runs,17,Jasprit Bumrah,55507
1094,2020,League,"Rajiv Gandhi International Stadium, Hyderabad",Sunrisers Hyderabad,Chennai Super Kings,Chennai Super Kings,Bat,196,9,18.7,144,4,15.9,Sunrisers Hyderabad,Runs,52,Sunil Narine,50733
1095,2020,League,"M. Chinnaswamy Stadium, Bangalore",Royal Challengers Bangalore,Lucknow Super Giants,Royal Challengers Bangalore,Field,213,7,19.9,130,7,18,Royal Challengers Bangalore,Runs,83,AB de Villiers,44379
1096,2020,League,"Eden Gardens, Kolkata",Kolkata Knight Riders,Gujarat Titans,Kolkata Knight Riders,Field,148,8,17,166,4,15.2,Gujarat Titans,Wickets,6,Virat Kohli,29318
1097,2020,League,"BRSABV Ekana Stadium, Lucknow",Lucknow Super Giants,Sunrisers Hyderabad,Lucknow Super Giants,Bat,222,3,18.6,215,3,19.7,Lucknow Super Giants,Runs,7,Ishan Kishan,32850
1098,2020,League,"IS Bindra Stadium, Mohali",Punjab Kings,Gujarat Titans,Gujarat Titans,Bat,151,5,18.6,132,6,14.1,Punjab Kings,Runs,19,Yuzvendra Chahal,26613
1099,2020,League,"BRSABV Ekana Stadium, Lucknow",Lucknow Super Giants,Gujarat Titans,Gujarat Titans,Field,133,8,19.2,186,8,18.2,Gujarat Titans,Wickets,2,Rishabh Pant,41608
1100,2020,League,"Arun Jaitley Stadium, Delhi",Delhi Capitals,Kolkata Knight Riders,Delhi Capitals,Field,188,10,19.9,216,5,18.4,Kolkata Knight Riders,Wickets,5,David Warner,34957
1101,2020,League,"Narendra Modi Stadium, Ahmedabad",Gujarat Titans,Sunrisers Hyderabad,Gujarat Titans,Field,161,5,17.6,217,10,15.7,Sunrisers Hyderabad,Wickets,0,Virat Kohli,34512
1102,2020,League,"MA Chidambaram Stadium, Chennai",Chennai Super Kings,Kolkata Knight Riders,Kolkata Knight Riders,Field,137,10,17.5,131,5,13.9,Chennai Super Kings,Runs,6,Faf du Plessis,49617
1103,2020,League,"BRSABV Ekana Stadium, Lucknow",Lucknow Super Giants,Mumbai Indians,Lucknow Super Giants,Field,191,7,19.2,176,8,19.2,Lucknow Super Giants,Runs,15,Pat Cummins,57668
1104,2020,League,"M. Chinnaswamy Stadium, Bangalore",Royal Challengers Bangalore,Punjab Kings,Royal Challengers Bangalore,Bat,201,3,17.5,128,5,12.2,Royal Challengers Bangalore,Runs,73,Andre Russell,29911
1105,2020,League,"IS Bindra Stadium, Mohali",Punjab Kings,Chennai Super Kings,Chennai Super Kings,Field,136,3,19,200,5,18.6,Chennai Super Kings,Wickets,5,Shikhar Dhawan,27481
1106,2020,League,"Narendra Modi Stadium, Ahmedabad",Gujarat Titans,Sunrisers Hyderabad,Sunrisers Hyderabad,Bat,178,4,18.6,188,9,15.1,Sunrisers Hyderabad,Wickets,1,Faf du Plessis,20699
1107,2020,League,"Eden Gardens, Kolkata",Kolkata Knight Riders,Royal Challengers Bangalore,Kolkata Knight Riders,Field,160,6,17.1,212,10,16.1,Royal Challengers Bangalore,Wickets,0,Yuzvendra Chahal,51186
1108,2020,League,"Rajiv Gandhi International Stadium, Hyderabad",Sunrisers Hyderabad,Rajasthan Royals,Rajasthan Royals,Field,164,7,16.6,207,7,17.5,Rajasthan Royals,Wickets,3,Faf du Plessis,52833
1109,2020,League,"IS Bindra Stadium, Mohali",Punjab Kings,Royal Challengers Bangalore,Punjab Kings,Field,180,7,17.1,182,8,17.1,Royal Challengers Bangalore,Wickets,2,Hardik Pandya,44117
1110,2020,League,"M. Chinnaswamy Stadium, Bangalore",Royal Challengers Bangalore,Rajasthan Royals,Royal Challengers Bangalore,Bat,223,9,16.9,129,5,18.8,Royal Challengers Bangalore,Runs,94,Sunil Narine,46233
1111,2020,League,"M. Chinnaswamy Stadium, Bangalore",Royal Challengers Bangalore,Gujarat Titans,Royal Challengers Bangalore,Bat,207,8,18.3,221,9,19.1,Gujarat Titans,Wickets,1,KL Rahul,52985
1112,2020,League,"Sawai Mansingh Stadium, Jaipur",Rajasthan Royals,Delhi Capitals,Delhi Capitals,Field,147,10,17.3,123,4,12.5,Rajasthan Royals,Runs,24,Andre Russell,18159
1113,2020,League,"IS Bindra Stadium, Mohali",Punjab Kings,Rajasthan Royals,Rajasthan Royals,Bat,162,9,16.5,176,8,15.6,Rajasthan Royals,Wickets,2,Pat Cummins,21201
1114,2020,League,"M. Chinnaswamy Stadium, Bangalore",Royal Challengers Bangalore,Mumbai Indians,Royal Challengers Bangalore,Bat,229,8,18.6,198,7,19.3,Royal Challengers Bangalore,Runs,31,AB de Villiers,35173
1115,2020,League,"Sawai Mansingh Stadium, Jaipur",Rajasthan Royals,Kolkata Knight Riders,Kolkata Knight Riders,Bat,179,8,18.1,157,10,18.8,Rajasthan Royals,Runs,22,Hardik Pandya,53840
1116,2020,League,"MA Chidambaram Stadium, Chennai",Chennai Super Kings,Delhi Capitals,Chennai Super Kings,Bat,219,3,18.3,202,5,16.4,Chennai Super Kings,Runs,17,Rashid Khan,41735
1117,2020,League,"Wankhede Stadium, Mumbai",Mumbai Indians,Delhi Capitals,Delhi Capitals,Field,159,10,16.9,170,9,15.6,Delhi Capitals,Wickets,1,Hardik Pandya,55954
1118,2020,League,"Wankhede Stadium, Mumbai",Mumbai Indians,Delhi Capitals,Delhi Capitals,Bat,161,5,15.9,165,10,16.9,Delhi Capitals,Wickets,0,Hardik Pandya,19290
1119,2021,League,"Sawai Mansingh Stadium, Jaipur",Rajasthan Royals,Punjab Kings,Rajasthan Royals,Field,217,5,16.3,162,9,12.2,Rajasthan Royals,Runs,55,Hardik Pandya,36700
1120,2021,League,"Rajiv Gandhi International Stadium, Hyderabad",Sunrisers Hyderabad,Lucknow Super Giants,Sunrisers Hyderabad,Bat,144,9,15.4,156,9,17.8,Lucknow Super Giants,Wickets,1,Hardik Pandya,19229
1121,2021,League,"Rajiv Gandhi International Stadium, Hyderabad",Sunrisers Hyderabad,Kolkata Knight Riders,Kolkata Knight Riders,Field,205,7,15.9,162,5,13.7,Sunrisers Hyderabad,Runs,43,MS Dhoni,51827
1122,2021,League,"M. Chinnaswamy Stadium, Bangalore",Royal Challengers Bangalore,Gujarat Titans,Royal Challengers Bangalore,Field,211,9,17.5,121,3,13.7,Royal Challengers Bangalore,Runs,90,Pat Cummins,31882
1123,2021,League,"Eden Gardens, Kolkata",Kolkata Knight Riders,Punjab Kings,Kolkata Knight Riders,Bat,225,7,15.9,126,9,17.6,Kolkata Knight Riders,Runs,99,Sunil Narine,34319
1124,2021,League,"MA Chidambaram Stadium, Chennai",Chennai Super Kings,Gujarat Titans,Gujarat Titans,Field,169,10,15.5,137,7,15,Chennai Super Kings,Runs,32,Rashid Khan,20656
1125,2021,League,"Rajiv Gandhi International Stadium, Hyderabad",Sunrisers Hyderabad,Royal Challengers Bangalore,Royal Challengers Bangalore,Field,209,6,15.4,215,9,18.4,Royal Challengers Bangalore,Wickets,1,AB de Villiers,44133
1126,2021,League,"Narendra Modi Stadium, Ahmedabad",Gujarat Titans,Delhi Capitals,Delhi Capitals,Field,217,7,16.1,191,6,14.9,Gujarat Titans,Runs,26,Rashid Khan,35070
1127,2021,League,"Eden Gardens, Kolkata",Kolkata Knight Riders,Rajasthan Royals,Rajasthan Royals,Bat,219,4,18.7,179,8,12.4,Kolkata Knight Riders,Runs,40,Ishan Kishan,57000
1128,2021,League,"IS Bindra Stadium, Mohali",Punjab Kings,Chennai Super Kings,Punjab Kings,Bat,134,8,16.3,125,9,18,Punjab Kings,Runs,9,Jos Buttler,53497
1129,2021,League,"BRSABV Ekana Stadium, Lucknow",Lucknow Super Giants,Royal Challengers Bangalore,Royal Challengers Bangalore,Field,154,6,18.4,205,3,18.1,Royal Challengers Bangalore,Wickets,7,Faf du Plessis,44516
1130,2021,League,"Rajiv Gandhi International Stadium, Hyderabad",Sunrisers Hyderabad,Chennai Super Kings,Chennai Super Kings,Bat,152,3,18,190,7,17,Chennai Super Kings,Wickets,3,Andre Russell,21701
1131,2021,League,"Sawai Mansingh Stadium, Jaipur",Rajasthan Royals,Mumbai Indians,Rajasthan Royals,Bat,145,5,17.5,214,5,19,Mumbai Indians,Wickets,5,David Warner,41413
1132,2021,League,"IS Bindra Stadium, Mohali",Punjab Kings,Delhi Capitals,Punjab Kings,Field,219,7,16.3,133,9,16.8,Punjab Kings,Runs,86,Pat Cummins,35337
1133,2021,League,"Arun Jaitley Stadium, Delhi",Delhi Capitals,Royal Challengers Bangalore,Delhi Capitals,Bat,164,6,15.1,208,3,16.1,Royal Challengers Bangalore,Wickets,7,Hardik Pandya,39935
1134,2021,League,"Arun Jaitley Stadium, Delhi",Delhi Capitals,Lucknow Super Giants,Lucknow Super Giants,Bat,143,7,16.7,154,3,17.2,Lucknow Super Giants,Wickets,7,Hardik Pandya,45271
1135,2021,League,"Sawai Mansingh Stadium, Jaipur",Rajasthan Royals,Kolkata Knight Riders,Rajasthan Royals,Field,141,10,19.7,158,3,17,Kolkata Knight Riders,Wickets,7,Faf du Plessis,52650
1136,2021,League,"Sawai Mansingh Stadium, Jaipur",Rajasthan Royals,Punjab Kings,Punjab Kings,Field,164,4,18.3,162,8,15.3,Rajasthan Royals,Runs,2,Ishan Kishan,54436
1137,2021,League,"M. Chinnaswamy Stadium, Bangalore",Royal Challengers Bangalore,Punjab Kings,Royal Challengers Bangalore,Bat,140,8,17.4,195,10,18,Punjab Kings,Wickets,0,David Warner,36327
1138,2021,League,"Arun Jaitley Stadium, Delhi",Delhi Capitals,Sunrisers Hyderabad,Sunrisers Hyderabad,Field,219,9,17.6,149,7,16.8,Delhi Capitals,Runs,70,Sunil Narine,22552
1139,2021,League,"Arun Jaitley Stadium, Delhi",Delhi Capitals,Chennai Super Kings,Delhi Capitals,Field,174,4,16,166,9,17.9,Delhi Capitals,Runs,8,AB de Villiers,53889
1140,2021,League,"Wankhede Stadium, Mumbai",Mumbai Indians,Sunrisers Hyderabad,Mumbai Indians,Field,152,8,18.6,164,10,15.9,Sunrisers Hyderabad,Wickets,0,Rashid Khan,24528
1141,2021,League,"M. Chinnaswamy Stadium, Bangalore",Royal Challengers Bangalore,Chennai Super Kings,Chennai Super Kings,Bat,179,10,16.3,141,3,13.6,Royal Challengers Bangalore,Runs,38,Kane Williamson,27516
1142,2021,League,"BRSABV Ekana Stadium, Lucknow",Lucknow Super Giants,Kolkata Knight Riders,Lucknow Super Giants,Bat,187,10,17,127,3,12.3,Lucknow Super Giants,Runs,60,AB de Villiers,57325
1143,2021,League,"Arun Jaitley Stadium, Delhi",Delhi Capitals,Lucknow Super Giants,Delhi Capitals,Bat,187,6,19.2,123,5,18.5,Delhi Capitals,Runs,64,Hardik Pandya,48505
1144,2021,League,"Arun Jaitley Stadium, Delhi",Delhi Capitals,Punjab Kings,Punjab Kings,Bat,226,10,18,186,5,19.8,Delhi Capitals,Runs,40,KL Rahul,42417
1145,2021,League,"Arun Jaitley Stadium, Delhi",Delhi Capitals,Chennai Super Kings,Chennai Super Kings,Field,189,3,15.8,147,9,19.5,Delhi Capitals,Runs,42,Virat Kohli,44921
1146,2021,League,"BRSABV Ekana Stadium, Lucknow",Lucknow Super Giants,Royal Challengers Bangalore,Royal Challengers Bangalore,Field,193,3,17,122,5,19.4,Lucknow Super Giants,Runs,71,AB de Villiers,59031
1147,2021,League,"Arun Jaitley Stadium, Delhi",Delhi Capitals,Gujarat Titans,Delhi Capitals,Bat,159,10,18.7,191,10,17.2,Gujarat Titans,Wickets,0,Rohit Sharma,33283
1148,2021,League,"M. Chinnaswamy Stadium, Bangalore",Royal Challengers Bangalore,Kolkata Knight Riders,Royal Challengers Bangalore,Bat,153,8,19.2,176,4,18.2,Kolkata Knight Riders,Wickets,6,Faf du Plessis,31358
1149,2022,League,"IS Bindra Stadium, Mohali",Punjab Kings,Rajasthan Royals,Punjab Kings,Field,217,4,16.3,188,4,14.4,Punjab Kings,Runs,29,David Warner,56941
1150,2022,League,"Rajiv Gandhi International Stadium, Hyderabad",Sunrisers Hyderabad,Mumbai Indians,Sunrisers Hyderabad,Field,189,6,16.2,170,7,15.3,Sunrisers Hyderabad,Runs,19,Jos Buttler,28989
1151,2022,League,"MA Chidambaram Stadium, Chennai",Chennai Super Kings,Royal Challengers Bangalore,Royal Challengers Bangalore,Field,196,8,15.9,157,10,12.8,Chennai Super Kings,Runs,39,Jos Buttler,47512
1152,2022,League,"Wankhede Stadium, Mumbai",Mumbai Indians,Gujarat Titans,Gujarat Titans,Bat,130,3,17.4,166,9,18.3,Gujarat Titans,Wickets,1,Andre Russell,17380
1153,2022,League,"MA Chidambaram Stadium, Chennai",Chennai Super Kings,Kolkata Knight Riders,Chennai Super Kings,Bat,220,6,16.1,150,10,16.1,Chennai Super Kings,Runs,70,Hardik Pandya,57265
1154,2022,League,"Rajiv Gandhi International Stadium, Hyderabad",Sunrisers Hyderabad,Delhi Capitals,Delhi Capitals,Bat,201,4,15.4,178,7,14,Sunrisers Hyderabad,Runs,23,Rashid Khan,23123
1155,2022,League,"BRSABV Ekana Stadium, Lucknow",Lucknow Super Giants,Punjab Kings,Lucknow Super Giants,Field,153,6,16.5,128,6,17.2,Lucknow Super Giants,Runs,25,Sunil Narine,27241
1156,2022,League,"Wankhede Stadium, Mumbai",Mumbai Indians,Punjab Kings,Mumbai Indians,Bat,154,9,19.7,137,10,18.4,Mumbai Indians,Runs,17,Virat Kohli,29884
1157,2022,League,"Sawai Mansingh Stadium, Jaipur",Rajasthan Royals,Punjab Kings,Punjab Kings,Bat,169,7,19.7,146,10,18.2,Rajasthan Royals,Runs,23,Jos Buttler,20859
1158,2022,League,"Narendra Modi Stadium, Ahmedabad",Gujarat Titans,Kolkata Knight Riders,Kolkata Knight Riders,Field,166,9,18.3,127,8,18.7,Gujarat Titans,Runs,39,MS Dhoni,25732
1159,2022,League,"Rajiv Gandhi International Stadium, Hyderabad",Sunrisers Hyderabad,Gujarat Titans,Sunrisers Hyderabad,Field,203,3,19.4,195,3,19.4,Sunrisers Hyderabad,Runs,8,Shikhar Dhawan,26800
1160,2022,League,"Wankhede Stadium, Mumbai",Mumbai Indians,Gujarat Titans,Gujarat Titans,Bat,188,4,18,150,10,17.6,Mumbai Indians,Runs,38,Sanju Samson,20005
1161,2022,League,"Rajiv Gandhi International Stadium, Hyderabad",Sunrisers Hyderabad,Delhi Capitals,Sunrisers Hyderabad,Field,148,10,20,157,8,17.3,Delhi Capitals,Wickets,2,Sanju Samson,19378
1162,2022,League,"M. Chinnaswamy Stadium, Bangalore",Royal Challengers Bangalore,Kolkata Knight Riders,Royal Challengers Bangalore,Bat,149,4,19.6,125,10,14.7,Royal Challengers Bangalore,Runs,24,Virat Kohli,54914
1163,2022,League,"Eden Gardens, Kolkata",Kolkata Knight Riders,Delhi Capitals,Delhi Capitals,Field,214,10,18.9,125,10,12.2,Kolkata Knight Riders,Runs,89,Andre Russell,45855
1164,2022,League,"Eden Gardens, Kolkata",Kolkata Knight Riders,Chennai Super Kings,Chennai Super Kings,Bat,146,10,15.7,218,4,16.3,Chennai Super Kings,Wickets,6,Sanju Samson,56659
1165,2022,League,"MA Chidambaram Stadium, Chennai",Chennai Super Kings,Rajasthan Royals,Chennai Super Kings,Bat,137,3,16.5,201,9,18.8,Rajasthan Royals,Wickets,1,Kane Williamson,23763
1166,2022,League,"Arun Jaitley Stadium, Delhi",Delhi Capitals,Gujarat Titans,Delhi Capitals,Field,136,6,19.8,157,6,19.3,Gujarat Titans,Wickets,4,Kane Williamson,55554
1167,2022,League,"M. Chinnaswamy Stadium, Bangalore",Royal Challengers Bangalore,Rajasthan Royals,Rajasthan Royals,Bat,173,7,18,162,5,12.4,Royal Challengers Bangalore,Runs,11,David Warner,58308
1168,2022,League,"Narendra Modi Stadium, Ahmedabad",Gujarat Titans,Lucknow Super Giants,Lucknow Super Giants,Bat,131,8,18.4,163,3,15.1,Lucknow Super Giants,Wickets,7,Virat Kohli,17102
1169,2022,League,"Wankhede Stadium, Mumbai",Mumbai Indians,Chennai Super Kings,Chennai Super Kings,Bat,220,3,15.7,198,9,18.3,Mumbai Indians,Runs,22,David Warner,27914
1170,2022,League,"Eden Gardens, Kolkata",Kolkata Knight Riders,Punjab Kings,Kolkata Knight Riders,Field,217,6,15.9,158,8,14.4,Kolkata Knight Riders,Runs,59,Pat Cummins,16381
1171,2022,League,"IS Bindra Stadium, Mohali",Punjab Kings,Gujarat Titans,Gujarat Titans,Field,229,8,17.1,206,10,19.3,Punjab Kings,Runs,23,Sanju Samson,53723
1172,2022,League,"IS Bindra Stadium, Mohali",Punjab Kings,Gujarat Titans,Punjab Kings,Bat,188,4,16.7,215,10,18.1,Gujarat Titans,Wickets,0,Rashid Khan,45039
1173,2022,League,"Eden Gardens, Kolkata",Kolkata Knight Riders,Lucknow Super Giants,Kolkata Knight Riders,Bat,156,7,16.2,197,10,17,Lucknow Super Giants,Wickets,0,Rishabh Pant,18488
1174,2022,League,"Rajiv Gandhi International Stadium, Hyderabad",Sunrisers Hyderabad,Rajasthan Royals,Sunrisers Hyderabad,Field,147,5,18.7,206,8,18.5,Rajasthan Royals,Wickets,2,Ishan Kishan,46556
1175,2022,League,"MA Chidambaram Stadium, Chennai",Chennai Super Kings,Sunrisers Hyderabad,Sunrisers Hyderabad,Bat,208,7,19.9,197,5,14.1,Chennai Super Kings,Runs,11,Virat Kohli,20445
1176,2022,League,"Eden Gardens, Kolkata",Kolkata Knight Riders,Chennai Super Kings,Kolkata Knight Riders,Bat,229,7,16.2,188,4,18,Kolkata Knight Riders,Runs,41,Shikhar Dhawan,38121
1177,2023,League,"Arun Jaitley Stadium, Delhi",Delhi Capitals,Rajasthan Royals,Delhi Capitals,Bat,207,3,17.2,143,6,14,Delhi Capitals,Runs,64,Shikhar Dhawan,18837
1178,2023,League,"IS Bindra Stadium, Mohali",Punjab Kings,Lucknow Super Giants,Lucknow Super Giants,Bat,188,10,17.3,218,4,19.4,Lucknow Super Giants,Wickets,6,Virat Kohli,18724
1179,2023,League,"Arun Jaitley Stadium, Delhi",Delhi Capitals,Lucknow Super Giants,Delhi Capitals,Field,223,5,18.7,141,8,18.4,Delhi Capitals,Runs,82,Sunil Narine,48974
1180,2023,League,"Sawai Mansingh Stadium, Jaipur",Rajasthan Royals,Sunrisers Hyderabad,Rajasthan Royals,Bat,173,7,18.1,177,9,18.4,Sunrisers Hyderabad,Wickets,1,Hardik Pandya,33938
1181,2023,League,"Eden Gardens, Kolkata",Kolkata Knight Riders,Lucknow Super Giants,Lucknow Super Giants,Bat,182,10,16.6,201,4,19.9,Lucknow Super Giants,Wickets,6,KL Rahul,34096
1182,2023,League,"Arun Jaitley Stadium, Delhi",Delhi Capitals,Punjab Kings,Punjab Kings,Field,217,4,18.8,141,5,15.2,Delhi Capitals,Runs,76,Yuzvendra Chahal,22265
1183,2023,League,"BRSABV Ekana Stadium, Lucknow",Lucknow Super Giants,Gujarat Titans,Gujarat Titans,Field,159,9,19.3,142,9,19.4,Lucknow Super Giants,Runs,17,Ishan Kishan,27911
1184,2023,League,"Wankhede Stadium, Mumbai",Mumbai Indians,Kolkata Knight Riders,Kolkata Knight Riders,Bat,215,7,17.9,170,8,18.1,Mumbai Indians,Runs,45,MS Dhoni,21470
1185,2023,League,"Eden Gardens, Kolkata",Kolkata Knight Riders,Mumbai Indians,Kolkata Knight Riders,Field,164,7,18,191,6,15.5,Mumbai Indians,Wickets,4,Virat Kohli,57330
1186,2023,League,"MA Chidambaram Stadium, Chennai",Chennai Super Kings,Mumbai Indians,Chennai Super Kings,Bat,179,5,16.6,175,7,13.5,Chennai Super Kings,Runs,4,Hardik Pandya,27407
1187,2023,League,"Sawai Mansingh Stadium, Jaipur",Rajasthan Royals,Mumbai Indians,Rajasthan Royals,Bat,194,6,16.8,165,9,19.5,Rajasthan Royals,Runs,29,AB de Villiers,34996
1188,2023,League,"Eden Gardens, Kolkata",Kolkata Knight Riders,Punjab Kings,Punjab Kings,Bat,195,7,16,176,6,19.9,Kolkata Knight Riders,Runs,19,Yuzvendra Chahal,28575
1189,2023,League,"Sawai Mansingh Stadium, Jaipur",Rajasthan Royals,Punjab Kings,Punjab Kings,Bat,133,10,15.1,215,4,17.5,Punjab Kings,Wickets,6,Yuzvendra Chahal,26744
1190,2023,League,"IS Bindra Stadium, Mohali",Punjab Kings,Sunrisers Hyderabad,Sunrisers Hyderabad,Bat,153,3,19,186,3,19.1,Sunrisers Hyderabad,Wickets,7,AB de Villiers,53843
1191,2023,League,"Narendra Modi Stadium, Ahmedabad",Gujarat Titans,Delhi Capitals,Delhi Capitals,Field,213,9,15.9,120,5,13.8,Gujarat Titans,Runs,93,Shikhar Dhawan,39493
1192,2023,League,"Eden Gardens, Kolkata",Kolkata Knight Riders,Delhi Capitals,Kolkata Knight Riders,Bat,160,8,18.9,212,5,19.5,Delhi Capitals,Wickets,5,Sanju Samson,46352
1193,2023,League,"M. Chinnaswamy Stadium, Bangalore",Royal Challengers Bangalore,Gujarat Titans,Royal Challengers Bangalore,Field,183,8,17.3,138,10,15.2,Royal Challengers Bangalore,Runs,45,MS Dhoni,35703
1194,2023,League,"Arun Jaitley Stadium, Delhi",Delhi Capitals,Mumbai Indians,Mumbai Indians,Field,222,5,15.4,163,7,13.5,Delhi Capitals,Runs,59,MS Dhoni,20990
1195,2023,League,"MA Chidambaram Stadium, Chennai",Chennai Super Kings,Mumbai Indians,Chennai Super Kings,Field,217,7,19.1,187,5,14.9,Chennai Super Kings,Runs,30,Sanju Samson,16196
1196,2023,League,"Narendra Modi Stadium, Ahmedabad",Gujarat Titans,Sunrisers Hyderabad,Gujarat Titans,Field,167,3,18.3,160,7,19,Gujarat Titans,Runs,7,Rashid Khan,24370
1197,2023,League,"BRSABV Ekana Stadium, Lucknow",Lucknow Super Giants,Delhi Capitals,Delhi Capitals,Field,148,5,16.6,209,6,18.5,Delhi Capitals,Wickets,4,Virat Kohli,33714
1198,2023,League,"M. Chinnaswamy Stadium, Bangalore",Royal Challengers Bangalore,Chennai Super Kings,Chennai Super Kings,Field,172,10,15.3,184,3,16.3,Chennai Super Kings,Wickets,7,Sanju Samson,52609
1199,2023,League,"Eden Gardens, Kolkata",Kolkata Knight Riders,Lucknow Super Giants,Lucknow Super Giants,Bat,174,6,18.2,209,4,18.8,Lucknow Super Giants,Wickets,6,Sunil Narine,44995
1200,2023,League,"Eden Gardens, Kolkata",Kolkata Knight Riders,Royal Challengers Bangalore,Royal Challengers Bangalore,Field,201,5,16.8,225,8,16.3,Royal Challengers Bangalore,Wickets,2,AB de Villiers,52523
